"Carimbo de data/hora","
Nome da empresa","
Nome que deseja destacar no site","
Cidade/região onde atende","
Endereço completo","
WhatsApp principal","
Telefone fixo / Secundário","
E-mail de contato","
Instagram","
Facebook","
Horário de atendimento","
Há quanto tempo a empresa atua no mercado?","Como você apresentaria a empresa para um novo cliente?","Quais são os principais diferenciais da empresa? ","Por que o cliente deve escolher vocês em vez da concorrência?","Possui garantia dos serviços? Como funciona? ","Quais produtos vocês oferecem? ","Logo da empresa e Manual de Identidade Visual","Fotos da fachada da empresa
Fotos da equipe
Fotos de instalações realizadas
Fotos dos principais serviços","Quem normalmente contrata os serviços de vocês?","Qual é o serviço mais procurado atualmente?","Qual serviço vocês mais gostariam de vender/divulgar no site?","Qual número de WhatsApp deve receber os pedidos de orçamento? ","Marque os diferenciais que a empresa oferece: ","Depoimentos de clientes","Link do Google Meu Negócio","Dados estatísticos / Prova social: (Parágrafo - Nº de clientes atendidos, anos de experiência, quantidade de projetos, prêmios ou empresas conhecidas atendidas)","Links de sites de concorrentes ou referências de que gosta:","Qual estilo visual prefere para o site?","Existe alguma informação, serviço ou detalhe importante que deve aparecer no site? "
"2026/09/02 6:25:16 PM GMT-3","Ganelo Vidros e Esquadrias ","Ganelo Vidros e Esquadrias ","Londrina","Rua São Vicente, 1183","43991524411","43984439158","ganelo.comercial@gmail.com","https://www.instagram.com/ganelo_vidros?igsi=eXYyN2JsZmg2Mzc2","https://www.instagram.com/ganelo_vidros?igsi=eXYyN2JsZmg2Mzc2","8:00 as 18:00","5 anos","Somos uma vidraçaria completa, especializada em box para banheiro, espelhos, esquadrias, fechamento de sacadas, fachadas e projetos em vidro em geral.","Além de nossos produtos, prezamos muito pelo bom atendimento, cumprimento dos prazos e instalação de qualidade, para que o cliente tenha tranquilidade desde o orçamento até a finalização do serviço.","Preço justo e ótima qualidade.","Sim, as garantias dependem do tipo de serviço.","box para banheiro, espelhos, esquadrias, fechamento de sacadas, fachadas e projetos em vidro em geral.","https://drive.google.com/u/0/open?usp=forms_web&id=1YV5j_Z63CGsFLdA9AI-utuFhhs9I_K1q","https://drive.google.com/u/0/open?usp=forms_web&id=1tfxcKL-hcTNNh3qOS9kz0huwK2krXWlG;https://drive.google.com/u/0/open?usp=forms_web&id=1oNrrQtfeXR5lZfTdh1TKn_fm-cWO-hmT;https://drive.google.com/u/0/open?usp=forms_web&id=1bcLKOOGVy44bo579E2bcbZX8CEUAA0at;https://drive.google.com/u/0/open?usp=forms_web&id=1TKoxaRgj67RFUYjADYb-JVPF_V5c5ibt;https://drive.google.com/u/0/open?usp=forms_web&id=1PN7Vcdr-DSRuMna2cJekO9NoeeIXboxH","Arquitetos","Portas moveleiros, espelhos","Esquadrias e portas moveleiro","43991524411","Orçamento gratuito;Instalação própria;Garantia nos serviços;Atendimento rápido;Equipe especializada;Materiais de alta qualidade;Atendimento residencial;Atendimento empresarial","","","Atendemos inúmeros clientes, embora a empresa tenha registrado 5 anos, nossa experiência já chega a 12 anos. ","https://vidracariaformigao.com.br/","Moderno",""